productid,link,product_title,price,actual_price,ratings,color
1,https://www.daraz.com.np/products/apple-macbook-air-13-inch-m1-256gb-oliz-store-i106600811.html,Apple MacBook Air 13-inch M1 256GB - Oliz Store,"Rs. 109,900","Rs. 139,900",76 Ratings,Space Grey
5,https://www.daraz.com.np/products/lenovo-v15-celeron-4gb-ram-256gb-ssd156-inch-hd-display-i117911554.html,"Lenovo V15 celeron 4GB RAM 256GB SSD,15.6 inch HD Display","Rs. 33,998","Rs. 45,000",22 Ratings,Black
7,https://www.daraz.com.np/products/dell-celeron-5470-intel-uhd-8256gb-ssd-i129342925.html,Dell Celeron 5470 Intel UHD 8/256GB SSD,"Rs. 35,800","Rs. 40,000",5 Ratings,Black
8,https://www.daraz.com.np/products/acer-aspire-3-ryzen-7-5700u-16-gb-ram-512-gb-ssd156-fhd-amd-gfx-win-11-i134922201.html,Acer Aspire 3 Ryzen 7 - 5700U / 16 GB RAM/ 512 GB SSD/15.6 FHD/ AMD Gfx/ Win 11,"Rs. 73,990","Rs. 89,990",No Ratings,Silver
9,https://www.daraz.com.np/products/acer-nitro-v-15-core-i5-13420h-13th-gen-16-gb-ddr5-ram-512-gb-ssd156-fhd-144-hrzrtx-2050-4gb-gfx-backlit-keyboard-win-11-i132059491.html,"Acer Nitro V 15 Core i5-13420H 13th Gen/ 16 GB DDR5 RAM/ 512 GB SSD/15.6"" FHD 144 Hrz/RTX 2050 4GB GFX/ Backlit Keyboard/ Win 11","Rs. 101,990","Rs. 119,990",1 Ratings,Black
10,https://www.daraz.com.np/products/acer-swift-go-14-intel-evo-i5-13th-gen-13500h-16gb-ddr5-ram-512gb-nvme-ssd-intel-integrated-graphics-14inch-28k-oled-2880-x-1800-400nits-display-backlit-keyboard-silver-i128946946.html,Acer Swift Go 14 Intel Evo i5 13th Gen 13500H – 16GB DDR5 RAM – 512GB NVMe SSD – Intel Integrated Graphics – 14inch 2.8K OLED ( 2880 x 1800 ) 400nits Display – Backlit Keyboard - Silver,"Rs. 104,999","Rs. 125,000",5 Ratings,Silver
11,https://www.daraz.com.np/products/acer-aspire-5-core-i5-13th-gen8gb-ram512gb-ssd156-fhdwin-11-i128494367.html,"Acer Aspire 5 Core i5 13th Gen/8GB RAM/512GB SSD/15.6"" FHD/Win 11","Rs. 71,990","Rs. 85,000",8 Ratings,Steel Gray
15,https://www.daraz.com.np/products/asus-vivo-book-x1402z-core-i5-12th-gen8gb-ram512-gb-ssd14-fhd-displaymagic-numpad-win-11-i128491406.html,"ASUS Vivo Book X1402Z Core i5 12th Gen/8GB RAM/512 GB SSD/14"" FHD Display/Magic Numpad/ Win 11","Rs. 75,990","Rs. 92,000",1 Ratings,Silver
17,https://www.daraz.com.np/products/dell-latitude-e5400-i5-8th-gen-8-gb-ram-256-gb-ssd-14-screen-i129314954.html,"Dell Latitude E5400 I5-8th Gen | 8 GB RAM | 256 GB SSD | 14"" Screen","Rs. 45,499","Rs. 65,000",1 Ratings,Black
18,https://www.daraz.com.np/products/dell-latitude-e5300-i5-8th-gen-8gb-256-ssd-133-ultrabook-i128496077.html,Dell Latitude E5300 i5-8th Gen 8GB 256 SSD 13.3″ Ultrabook,"Rs. 45,000","Rs. 72,000",5 Ratings,Black
19,https://www.daraz.com.np/products/dell-vostro-3520-i3-12th-gen-8gb-ram512gb-ssd156-display-i118372728.html,Dell Vostro 3520 I3-12th gen 8GB RAM/512GB SSD/15.6 Display,"Rs. 52,347","Rs. 58,000",24 Ratings,Multicolor
21,https://www.daraz.com.np/products/lenovo-ideapad-slim-3-i5-13th-gen-8gb-ram-512ssd-156-screen-laptop-i128136700.html,Lenovo ideapad Slim 3 i5 13th Gen 8GB RAM 512ssd 15.6 Screen Laptop,"Rs. 70,990","Rs. 74,000",9 Ratings,Grey
22,https://www.daraz.com.np/products/dell-g15-5530-intel-core-i7-13650hx-rtx-4060-8gb-graphics-16gb-ddr5-ram-1tb-nvme-ssd-156-fhd-120hz-display-windows-11-home-i146182014.html,Dell G15 5530 Intel Core i7 13650HX RTX 4060 8GB Graphics – 16GB DDR5 RAM – 1TB NVMe SSD – 15.6″ FHD 120Hz Display – Windows 11 Home,"Rs. 169,999","Rs. 220,000",1 Ratings,Black
23,https://www.daraz.com.np/products/hp-envy-14-intel-core-i7-gen-1-14th-gen-14000h-processor-16gb-ram-512-ssd-gb-14-fhd-x360-touchscreen-backlit-keyboard-natural-silver-win-11home-i136724188.html,HP envy 14 [Intel core- i7 (Gen 1 ) 14th gen 14000H Processor / 16gb RAM / 512 SSD GB / 14′ FHD / X360 Touchscreen / Backlit Keyboard / Natural Silver / Win 11Home],"Rs. 124,999","Rs. 189,999",1 Ratings,Silver
25,https://www.daraz.com.np/products/acer-predator-helios-300-i7-11th-gen-rtx-3060-16gb-ram-1tb-ssd-156-qhd-165hz-display-i128486228.html,"Acer Predator Helios 300 / i7 11th Gen / RTX 3060 / 16GB RAM / 1TB SSD /15.6"" QHD 165Hz Display","Rs. 149,490","Rs. 205,000",1 Ratings,Black
26,https://www.daraz.com.np/products/laptop-lenovo-ideapad-slim-3-i5-12450h16gb-ram512gb-ssd156-fhd-i132749334.html,"Laptop Lenovo IdeaPad Slim 3 i5-12450H/16GB RAM/512GB SSD/15.6"" FHD","Rs. 66,999","Rs. 85,000",1 Ratings,Space Grey
29,https://www.daraz.com.np/products/dell-vostro-3520-core-i5-12th-gen-16gb-ram512-gb-ssd156-fhdwin-11-i129919581.html,"Dell Vostro 3520 Core i5 12th Gen/ 16GB RAM/512 GB SSD/15.6"" FHD/Win 11","Rs. 69,490","Rs. 90,990",3 Ratings,Black
30,https://www.daraz.com.np/products/dell-latitude-e5300-2-in-1-360-fold-i5-8th-gen-8-gb-ram-256-gb-ssd-133-screen-i129532301.html,"Dell Latitude E5300 2 in 1 360 Fold I5-8th Gen | 8 GB RAM | 256 GB SSD | 13.3"" Screen","Rs. 49,999","Rs. 65,000",No Ratings,Black
31,https://www.daraz.com.np/products/mi-notebook-pro-intel-core-i5-11th-gen16gb512gb-ssdiris-xe-graphics-14-inch-laptop-i113998214.html,Mi Notebook Pro Intel Core i5 11th Gen16GB/512GB SSD/Iris Xe Graphics 14 Inch Laptop,"Rs. 99,999","Rs. 114,999",7 Ratings,Grey
32,https://www.daraz.com.np/products/dell-latitude-e7400-laptop-i5-8th-gen-256-gb-ssd-8-gb-ram-ultrabook-silver-i129075425.html,Dell Latitude E7400 Laptop I5-8th Gen 256 GB SSD 8 GB RAM Ultrabook Silver,"Rs. 47,999","Rs. 55,000",3 Ratings,Black
34,https://www.daraz.com.np/products/lenovo-ideapad-slim-3i-2023-15-i3-13th-gen-8gb-ram-256gb-156-fhd-display-i128155035.html,"Lenovo IdeaPad Slim 3i 2023 15 i3 13Th Gen / 8GB RAM / 256GB / 15.6"" FHD display","Rs. 51,996","Rs. 60,000",2 Ratings,Multicolor
37,https://www.daraz.com.np/products/primebook-4g-android-based-mediatek-mediatek-mt8788-4-gb64-gb-emmc-storageprime-os-4g-thin-and-light-laptop-116-inch-black-1065-kg-i129569211.html,"Primebook 4G Android Based MediaTek MediaTek MT8788 - (4 GB/64 GB EMMC Storage/Prime OS) 4G Thin and Light Laptop (11.6 Inch, Black, 1.065 Kg)","Rs. 24,990","Rs. 27,990",1 Ratings,Black
38,https://www.daraz.com.np/products/chuwi-herobook-plus-156-windows-10-laptop-8gb-lpddr4256gb-ssdips-display-windows-10-home-plastic-thin-body-light-and-portable-free-gift-i105735203.html,"CHUWI HeroBook Plus 15.6"" Windows 10 Laptop 丨8GB LPDDR4丨256GB SSD丨IPS Display Windows 10 Home, Plastic Thin Body, Light and Portable + Free Gift","Rs. 38,499","Rs. 65,120",1 Ratings,Grey
39,https://www.daraz.com.np/products/lenovo-v15-celeron-laptop-4gb256gb-ssd156-inch-display-i128162455.html,"Lenovo V15 celeron Laptop 4GB,256GB SSD,15.6 inch Display","Rs. 33,997","Rs. 40,000",1 Ratings,Black
41,https://www.daraz.com.np/products/apple-macbook-air-13-inch-m1-256gb-oliz-store-i106600811.html,Apple MacBook Air 13-inch M1 256GB - Oliz Store,"Rs. 109,900","Rs. 139,900",76 Ratings,Space Grey
45,https://www.daraz.com.np/products/lenovo-v15-celeron-4gb-ram-256gb-ssd156-inch-hd-display-i117911554.html,"Lenovo V15 celeron 4GB RAM 256GB SSD,15.6 inch HD Display","Rs. 33,998","Rs. 45,000",22 Ratings,Black
47,https://www.daraz.com.np/products/dell-celeron-5470-intel-uhd-8256gb-ssd-i129342925.html,Dell Celeron 5470 Intel UHD 8/256GB SSD,"Rs. 35,800","Rs. 40,000",5 Ratings,Black
48,https://www.daraz.com.np/products/acer-aspire-3-ryzen-7-5700u-16-gb-ram-512-gb-ssd156-fhd-amd-gfx-win-11-i134922201.html,Acer Aspire 3 Ryzen 7 - 5700U / 16 GB RAM/ 512 GB SSD/15.6 FHD/ AMD Gfx/ Win 11,"Rs. 73,990","Rs. 89,990",No Ratings,Silver
49,https://www.daraz.com.np/products/acer-nitro-v-15-core-i5-13420h-13th-gen-16-gb-ddr5-ram-512-gb-ssd156-fhd-144-hrzrtx-2050-4gb-gfx-backlit-keyboard-win-11-i132059491.html,"Acer Nitro V 15 Core i5-13420H 13th Gen/ 16 GB DDR5 RAM/ 512 GB SSD/15.6"" FHD 144 Hrz/RTX 2050 4GB GFX/ Backlit Keyboard/ Win 11","Rs. 101,990","Rs. 119,990",1 Ratings,Black
50,https://www.daraz.com.np/products/acer-swift-go-14-intel-evo-i5-13th-gen-13500h-16gb-ddr5-ram-512gb-nvme-ssd-intel-integrated-graphics-14inch-28k-oled-2880-x-1800-400nits-display-backlit-keyboard-silver-i128946946.html,Acer Swift Go 14 Intel Evo i5 13th Gen 13500H – 16GB DDR5 RAM – 512GB NVMe SSD – Intel Integrated Graphics – 14inch 2.8K OLED ( 2880 x 1800 ) 400nits Display – Backlit Keyboard - Silver,"Rs. 104,999","Rs. 125,000",5 Ratings,Silver
51,https://www.daraz.com.np/products/acer-aspire-5-core-i5-13th-gen8gb-ram512gb-ssd156-fhdwin-11-i128494367.html,"Acer Aspire 5 Core i5 13th Gen/8GB RAM/512GB SSD/15.6"" FHD/Win 11","Rs. 71,990","Rs. 85,000",8 Ratings,Steel Gray
55,https://www.daraz.com.np/products/asus-vivo-book-x1402z-core-i5-12th-gen8gb-ram512-gb-ssd14-fhd-displaymagic-numpad-win-11-i128491406.html,"ASUS Vivo Book X1402Z Core i5 12th Gen/8GB RAM/512 GB SSD/14"" FHD Display/Magic Numpad/ Win 11","Rs. 75,990","Rs. 92,000",1 Ratings,Silver
57,https://www.daraz.com.np/products/dell-latitude-e5400-i5-8th-gen-8-gb-ram-256-gb-ssd-14-screen-i129314954.html,"Dell Latitude E5400 I5-8th Gen | 8 GB RAM | 256 GB SSD | 14"" Screen","Rs. 45,499","Rs. 65,000",1 Ratings,Black
58,https://www.daraz.com.np/products/dell-latitude-e5300-i5-8th-gen-8gb-256-ssd-133-ultrabook-i128496077.html,Dell Latitude E5300 i5-8th Gen 8GB 256 SSD 13.3″ Ultrabook,"Rs. 45,000","Rs. 72,000",5 Ratings,Black
59,https://www.daraz.com.np/products/dell-vostro-3520-i3-12th-gen-8gb-ram512gb-ssd156-display-i118372728.html,Dell Vostro 3520 I3-12th gen 8GB RAM/512GB SSD/15.6 Display,"Rs. 52,347","Rs. 58,000",24 Ratings,Multicolor
61,https://www.daraz.com.np/products/lenovo-ideapad-slim-3-i5-13th-gen-8gb-ram-512ssd-156-screen-laptop-i128136700.html,Lenovo ideapad Slim 3 i5 13th Gen 8GB RAM 512ssd 15.6 Screen Laptop,"Rs. 70,990","Rs. 74,000",9 Ratings,Grey
62,https://www.daraz.com.np/products/dell-g15-5530-intel-core-i7-13650hx-rtx-4060-8gb-graphics-16gb-ddr5-ram-1tb-nvme-ssd-156-fhd-120hz-display-windows-11-home-i146182014.html,Dell G15 5530 Intel Core i7 13650HX RTX 4060 8GB Graphics – 16GB DDR5 RAM – 1TB NVMe SSD – 15.6″ FHD 120Hz Display – Windows 11 Home,"Rs. 169,999","Rs. 220,000",1 Ratings,Black
63,https://www.daraz.com.np/products/hp-envy-14-intel-core-i7-gen-1-14th-gen-14000h-processor-16gb-ram-512-ssd-gb-14-fhd-x360-touchscreen-backlit-keyboard-natural-silver-win-11home-i136724188.html,HP envy 14 [Intel core- i7 (Gen 1 ) 14th gen 14000H Processor / 16gb RAM / 512 SSD GB / 14′ FHD / X360 Touchscreen / Backlit Keyboard / Natural Silver / Win 11Home],"Rs. 124,999","Rs. 189,999",1 Ratings,Silver
65,https://www.daraz.com.np/products/acer-predator-helios-300-i7-11th-gen-rtx-3060-16gb-ram-1tb-ssd-156-qhd-165hz-display-i128486228.html,"Acer Predator Helios 300 / i7 11th Gen / RTX 3060 / 16GB RAM / 1TB SSD /15.6"" QHD 165Hz Display","Rs. 149,490","Rs. 205,000",1 Ratings,Black
66,https://www.daraz.com.np/products/laptop-lenovo-ideapad-slim-3-i5-12450h16gb-ram512gb-ssd156-fhd-i132749334.html,"Laptop Lenovo IdeaPad Slim 3 i5-12450H/16GB RAM/512GB SSD/15.6"" FHD","Rs. 66,999","Rs. 85,000",1 Ratings,Space Grey
69,https://www.daraz.com.np/products/dell-vostro-3520-core-i5-12th-gen-16gb-ram512-gb-ssd156-fhdwin-11-i129919581.html,"Dell Vostro 3520 Core i5 12th Gen/ 16GB RAM/512 GB SSD/15.6"" FHD/Win 11","Rs. 69,490","Rs. 90,990",3 Ratings,Black
70,https://www.daraz.com.np/products/dell-latitude-e5300-2-in-1-360-fold-i5-8th-gen-8-gb-ram-256-gb-ssd-133-screen-i129532301.html,"Dell Latitude E5300 2 in 1 360 Fold I5-8th Gen | 8 GB RAM | 256 GB SSD | 13.3"" Screen","Rs. 49,999","Rs. 65,000",No Ratings,Black
71,https://www.daraz.com.np/products/mi-notebook-pro-intel-core-i5-11th-gen16gb512gb-ssdiris-xe-graphics-14-inch-laptop-i113998214.html,Mi Notebook Pro Intel Core i5 11th Gen16GB/512GB SSD/Iris Xe Graphics 14 Inch Laptop,"Rs. 99,999","Rs. 114,999",7 Ratings,Grey
72,https://www.daraz.com.np/products/dell-latitude-e7400-laptop-i5-8th-gen-256-gb-ssd-8-gb-ram-ultrabook-silver-i129075425.html,Dell Latitude E7400 Laptop I5-8th Gen 256 GB SSD 8 GB RAM Ultrabook Silver,"Rs. 47,999","Rs. 55,000",3 Ratings,Black
74,https://www.daraz.com.np/products/lenovo-ideapad-slim-3i-2023-15-i3-13th-gen-8gb-ram-256gb-156-fhd-display-i128155035.html,"Lenovo IdeaPad Slim 3i 2023 15 i3 13Th Gen / 8GB RAM / 256GB / 15.6"" FHD display","Rs. 51,996","Rs. 60,000",2 Ratings,Multicolor
77,https://www.daraz.com.np/products/primebook-4g-android-based-mediatek-mediatek-mt8788-4-gb64-gb-emmc-storageprime-os-4g-thin-and-light-laptop-116-inch-black-1065-kg-i129569211.html,"Primebook 4G Android Based MediaTek MediaTek MT8788 - (4 GB/64 GB EMMC Storage/Prime OS) 4G Thin and Light Laptop (11.6 Inch, Black, 1.065 Kg)","Rs. 24,990","Rs. 27,990",1 Ratings,Black
78,https://www.daraz.com.np/products/chuwi-herobook-plus-156-windows-10-laptop-8gb-lpddr4256gb-ssdips-display-windows-10-home-plastic-thin-body-light-and-portable-free-gift-i105735203.html,"CHUWI HeroBook Plus 15.6"" Windows 10 Laptop 丨8GB LPDDR4丨256GB SSD丨IPS Display Windows 10 Home, Plastic Thin Body, Light and Portable + Free Gift","Rs. 38,499","Rs. 65,120",1 Ratings,Grey
79,https://www.daraz.com.np/products/lenovo-v15-celeron-laptop-4gb256gb-ssd156-inch-display-i128162455.html,"Lenovo V15 celeron Laptop 4GB,256GB SSD,15.6 inch Display","Rs. 33,997","Rs. 40,000",1 Ratings,Black
82,https://www.daraz.com.np/products/lenovo-ideapad-1-intel-celeron-processor-4-gb-ram-128-gb-ssd-14-inch-display-ote-i120789072.html,Lenovo Ideapad 1 Intel Celeron Processor 4 GB RAM 128 GB SSD 14 inch Display - OTE,"Rs. 36,000","Rs. 45,000",1 Ratings,Silver
83,https://www.daraz.com.np/products/acer-swift-go-14-ryzen-5-7530u-16-gb-ddr4-ram-512-gb-ssd14-fhd-ipsamd-radeon-gfx-backlit-keyboard-win-11-i132164384.html,"Acer Swift Go 14 Ryzen 5 - 7530U / 16 GB DDR4 RAM/ 512 GB SSD/14"" FHD IPS/AMD Radeon GFX/ Backlit Keyboard/ Win 11","Rs. 89,990","Rs. 99,900",1 Ratings,Silver
84,https://www.daraz.com.np/products/lenovo-ip-3-slim-3-core-i3-13th-gen8-gb-ddr5-ram256-gb-ssd156-fhd-win-11-i128273615.html,"Lenovo IP 3 Slim 3 Core i3 13th Gen/8 GB DDR5 RAM/256 GB SSD/15.6"" FHD/ Win 11","Rs. 53,990","Rs. 74,990",1 Ratings,Artic Gray
85,https://www.daraz.com.np/products/acer-aspire-3-ryzen-5-7520u-8-gb-ddr5-ram-512-gb-ssd-nvme156-fhdwin-11-i128901899.html,"Acer Aspire 3 Ryzen 5 7520U/ 8 GB DDR5 RAM/ 512 GB SSD NVME/15.6"" FHD/Win 11","Rs. 62,500","Rs. 89,900",1 Ratings,Silver
86,https://www.daraz.com.np/products/acer-aspire-5-intel-core-i5-13th-gen-8gb-ram-512gb-ssd-156fhd-i128041232.html,"Acer Aspire 5 Intel Core i5 13th Gen 8GB Ram 512GB SSD 15.6""FHD","Rs. 76,997","Rs. 85,000",1 Ratings,Multicolor
87,https://www.daraz.com.np/products/acer-aspire-3-al14-31p-ultraslimbook-i3-n305-8gb-ram-512gb-ss-14fhd-sliver-color-i129691037.html,Acer Aspire 3 AL14-31P Ultraslimbook i3-N305-8GB RAM-512GB SS-14FHD-Sliver Color,"Rs. 54,897","Rs. 58,000",1 Ratings,Silver
88,https://www.daraz.com.np/products/acer-nitro-v-15-intel-core-i5-13th-gen-13420h-8gb-ddr5-ram-512gb-nvme-ssd-nvidia-rtx-3050-6gb-graphics-156-fhd-144hz-display-backlit-keyboard-black-i128519019.html,"Acer Nitro V 15 Intel Core i5 13th Gen 13420H - 8GB DDR5 RAM - 512GB NVMe SSD - NVIDIA RTX 3050 6GB Graphics - 15.6"" FHD 144Hz Display - Backlit Keyboard - Black","Rs. 107,999","Rs. 135,000",No Ratings,Black
89,https://www.daraz.com.np/products/dell-vostro-3520-i3-12th-gen-8gb-512ssd-156-fhd-120hz-screen-i129434941.html,"Dell Vostro 3520 i3 12th Gen 8GB 512ssd 15.6"" FHD 120Hz Screen","Rs. 51,490","Rs. 55,000",1 Ratings,Black
94,https://www.daraz.com.np/products/dell-vostro-3520-core-i5-12th-gen-12gb-ram512-gb-ssd156-fhdwin-11-i129162509.html,"Dell Vostro 3520 Core i5 12th Gen/ 12GB RAM/512 GB SSD/15.6"" FHD/Win 11","Rs. 67,990","Rs. 87,990",1 Ratings,Black
97,https://www.daraz.com.np/products/hp-pavilion-x360-14-core-i5-1035g1-8gb-ram-256gb-ssd-convertible-laptop-i114689725.html,"HP Pavilion X360 14"" Core i5 1035G1 8GB RAM 256GB SSD Convertible Laptop","Rs. 93,999","Rs. 99,999",1 Ratings,Silver
98,https://www.daraz.com.np/products/hp-victus-16-amd-ryzen-7-6800h-8gb-ddr-5-ram-512gb-ssd-4gb-rtx-3050-161144hz-fhd-i129027509.html,"HP Victus 16 Amd Ryzen 7 6800H 8GB DDR-5 Ram 512GB SSD 4GB RTX 3050 16.1""144Hz FHD","Rs. 118,000","Rs. 120,000",1 Ratings,Black
105,https://www.daraz.com.np/products/hp-probook-440-g10-i5-13th-gen8gb-ram512gb-ssd14-hd-display-i128298982.html,HP ProBook 440 G10 I5-13th Gen/8GB RAM/512GB SSD/14 HD Display,"Rs. 96,899","Rs. 98,000",1 Ratings,Multicolor
107,https://www.daraz.com.np/products/acer-aspire-3-i5-11th-gen-8gb-ram-512gb-ssd-156fhd-i128117004.html,Acer Aspire 3 I5-11th Gen-8GB RAM-512GB SSD -15.6FHD,"Rs. 62,998","Rs. 73,000",No Ratings,SILVER
108,https://www.daraz.com.np/products/lenovo-loq-15-amd-ryzen-7-7435hs-rtx-4060-8gb-graphics-16gb-ddr5-ram-512gb-nvme-ssd-156-fhd-144hz-display-backlit-keyboard-windows-11-home-i146182078.html,Lenovo LOQ 15 AMD Ryzen 7 7435HS RTX 4060 8GB Graphics – 16GB DDR5 RAM – 512GB NVMe SSD – 15.6″ FHD 144Hz Display – Backlit Keyboard – Windows 11 Home,"Rs. 149,999","Rs. 175,000",No Ratings,Grey
110,https://www.daraz.com.np/products/acer-predator-helios-neo-16-intel-core-i5-13500hx-rtx-4050-6gb-graphics-16gb-ddr5-ram-512gb-nvme-gen-4-ssd-16-wuxga-1920-x-1200-165hz-display-windows-11-home-i129275896.html,Acer Predator Helios Neo 16 Intel Core i5-13500HX RTX 4050 6GB Graphics – 16GB DDR5 RAM – 512GB NVMe Gen 4 SSD – 16″ WUXGA ( 1920 x 1200 ) 165Hz Display – Windows 11 Home,"Rs. 155,999","Rs. 170,000",No Ratings,Black
111,https://www.daraz.com.np/products/dell-g5-15-5511-i5-11400h-8gb-256-ssd-nvidia-rtx-3050-4gb-gddr6-156-fhd-i112764063.html,"Dell G5 15 5511 / i5-11400H / 8GB / 256 SSD / NVIDIA RTX 3050-4GB GDDR6 / 15.6"" FHD","Rs. 109,200","Rs. 143,900",1 Ratings,Grey
112,https://www.daraz.com.np/products/dell-vostro-3520-i3-12th-gen-16gb-ram-512gb-ssd-156-120hz-fhd-display-laptop-i137572340.html,"Dell Vostro 3520 i3 12th Gen | 16GB RAM | 512GB SSD | 15.6"" 120Hz FHD Display Laptop","Rs. 54,000","Rs. 55,000",No Ratings,Black
113,https://www.daraz.com.np/products/msi-cyborg-15-a13udx-gaming-laptop-13th-gen-core-i7-16gb-ram-512gb-gen4-ssd-156-fhd-144hz-nvidia-rtx-3050-6gb-win-11-home-i129960668.html,"MSI Cyborg 15 A13UDX Gaming Laptop (13th Gen Core i7 | 16GB RAM | 512GB Gen4 SSD | 15.6"" FHD 144Hz | NVIDIA RTX 3050 6GB | Win 11 Home)","Rs. 148,600","Rs. 150,000",No Ratings,Black
123,https://www.daraz.com.np/products/acer-swift-go-14-core-ultra-5-125h-14th-gen-16-gb-ram-512gb-ssd14-oled-28kintel-arc-ai-gfx-backlit-keyboard-win-11-i134756903.html,"Acer Swift GO 14 Core Ultra 5 125H 14th Gen / 16 GB RAM/ 512GB SSD/14"" OLED 2.8K/Intel Arc AI GFX/ Backlit Keyboard/ Win 11","Rs. 119,990","Rs. 135,990",No Ratings,Frost Blue
127,https://www.daraz.com.np/products/acer-aspire-3-2023-ryzen-3-7320u-4gb-ram-256gb-ssd-156-fhd-display-i128492316.html,"Acer Aspire 3 2023 Ryzen 3 7320U 4GB RAM 256GB SSD 15.6"" FHD Display","Rs. 52,490","Rs. 60,000",No Ratings,Silver
129,https://www.daraz.com.np/products/dell-vostro-3510-i5-1135g7-11th-gen-8gb-ram-256-gb-ssd-intel-uhd-graphic-156-fhd-i127232634.html,Dell Vostro 3510 i5-1135G7 11th Gen 8GB RAM 256 GB SSD Intel UHD Graphic 15.’’6 FHD,"Rs. 69,998","Rs. 79,000",1 Ratings,Black
132,https://www.daraz.com.np/products/lenovo-ideapad-1-15lgl7-11thgen-intel-celeron-n4020-8gb-ddr4-ram-256gb-ssd-156-hd-display-windows-11-abyss-blue-laptop-i123993177.html,"Lenovo Ideapad 1 15lGL7 11thGen Intel Celeron N4020 8GB DDR4 RAM 256GB SSD 15.6""' HD Display Windows 11 Abyss Blue Laptop","Rs. 36,500","Rs. 42,000",No Ratings,Blue
135,https://www.daraz.com.np/products/asus-zenbook-flip-15-q508u-amd-ryzen-7-5700u-8gb-256gb-ssd-156-fhd-touchscreen-x-360-rotate-nvidia-mx450-2gb-laptop-i121969717.html,Asus Zenbook Flip 15 Q508U AMD Ryzen 7 5700U 8GB 256GB SSD 15.6″ FHD Touchscreen x 360 Rotate NVIDIA MX450 2GB Laptop,"Rs. 114,990","Rs. 145,000",No Ratings,Silver
139,https://www.daraz.com.np/products/acer-spin-3-14-intel-core-i3-n305-8gb-ddr5-ram-256gb-nvme-ssd-intel-integrated-graphics-14-wuxga-touchscreen-display-windows-11-home-i146166045.html,Acer Spin 3 14 Intel Core i3 N305 – 8GB DDR5 RAM – 256GB NVMe SSD – Intel Integrated Graphics – 14″ WUXGA Touchscreen Display – Windows 11 Home,"Rs. 56,999","Rs. 70,000",No Ratings,Silver
144,https://www.daraz.com.np/products/lenovo-ideapad-slim-3-14iru8-13th-gen-intel-core-i3-1305u-processor-8gb-ram-512gb-ssd-intel-uhd-graphics-card-14-inch-fhd-ips-display-fingerprint-reader-i133117835.html,Lenovo IdeaPad Slim 3 14IRU8 (13th Gen Intel Core i3 1305U Processor | 8GB RAM | 512GB SSD | Intel UHD Graphics Card | 14-inch FHD IPS Display | Fingerprint Reader,"Rs. 52,999","Rs. 59,999",No Ratings,Silver
148,https://www.daraz.com.np/products/apple-macbook-air-136-m28c-cpu8c-gpu8gb256gb-evostore-i117770489.html,"Apple MacBook Air 13.6"" M2/8C CPU/8C GPU/8GB/256GB - EvoStore","Rs. 155,000","Rs. 174,900",20 Ratings,Starlight
149,https://www.daraz.com.np/products/lenovo-thinbook-14-core-i5-1235u-12th-gen-16-gb-ram-512-ssd14-fhd-ipsbacklit-keyboard-win-11-pro-i136025827.html,"Lenovo ThinBook 14 Core i5-1235U 12th Gen/ 16 GB RAM/ 512 SSD/14"" FHD IPS/Backlit Keyboard/ Win 11 Pro","Rs. 89,990","Rs. 110,990",No Ratings,Gray
151,https://www.daraz.com.np/products/hp-victus-15-amd-ryzen-5-8645hs-8gb-ddr5-ram-512gb-nvme-ssd-nvidia-geforce-rtx-4050-6gb-graphics-156-fhd-144hz-display-windows-11-home-black-i146341210.html,HP Victus 15 AMD Ryzen 5 8645HS – 8GB DDR5 RAM – 512GB NVMe SSD – NVIDIA GeForce RTX 4050 6GB Graphics – 15.6″ FHD 144Hz Display – Windows 11 Home – Black,"Rs. 115,999","Rs. 120,000",No Ratings,Black
153,https://www.daraz.com.np/products/laptop-lenovo-celeron-4gb-128-gb-14-ips-i116124793.html,Laptop Lenovo Celeron 4GB 128 GB 14'' IPS,"Rs. 39,499","Rs. 41,999",No Ratings,Blue
154,https://www.daraz.com.np/products/acer-aspire-15-intel-core-5-120u-2024-8gb-ddr5-ram-512gb-nvme-gen-4-ssd-intel-integrated-graphics-156-fhd-display-steel-grey-i145335840.html,Acer Aspire 15 Intel Core 5 120U 2024 – 8GB DDR5 RAM – 512GB NVMe Gen 4 SSD – Intel Integrated Graphics – 15.6″ FHD Display – Steel Grey,"Rs. 76,999","Rs. 95,000",No Ratings,Grey
155,https://www.daraz.com.np/products/acer-aspire-5-15-2023-13th-gen-i5-8gb-ram-512gb-ssd-156-fhd-display-1-year-warranty-i135662728.html,"Acer Aspire 5 15 (2023) 13th Gen i5 / 8GB RAM / 512GB SSD / 15.6"" FHD Display / 1 Year Warranty","Rs. 67,799","Rs. 99,999",No Ratings,Grey
160,https://www.daraz.com.np/products/dell-vostro-3520-i5-1235u-processor-8-gb-ram512-gb-ssd-56-inch-fhd-display-onin-i132058272.html,Dell Vostro 3520 i5 12th Gen 8 Gb Ram 512 Gb SSD 15.6 inch FHD Display /Onin,"Rs. 66,500","Rs. 77,000",No Ratings,Black
167,https://www.daraz.com.np/products/dell-wyse-5470-celeron-intel-uhd-8gb-ram-256gb-ssd-14-fhd-i128965140.html,Dell WYSE 5470 | Celeron | Intel UHD | 8GB RAM | 256GB SSD | 14″ FHD,"Rs. 35,500","Rs. 42,900",No Ratings,Black
168,https://www.daraz.com.np/products/acer-aspire-3-spincore-i3-n305-13th-gen-8-gb-ddr5-ram-256gb-ssd14-x360-touch-win-11-i134997098.html,"Acer Aspire 3 SpinCore i3- N305 13th Gen / 8 GB DDR5 RAM/ 256GB SSD/14"" X360 Touch / Win 11","Rs. 61,990","Rs. 69,990",No Ratings,Silver
170,https://www.daraz.com.np/products/apple-macbook-air-136inch-m28c-cpu10c-gpu8gb512gb-evostore-i117770786.html,Apple MacBook Air 13.6inch M2/8C CPU/10C GPU/8GB/512GB - EvoStore,"Rs. 198,000","Rs. 228,000",1 Ratings,Midnight
173,https://www.daraz.com.np/products/asus-vivobook14-i5-12gen-laptop-8gb-ram-512gb-ssd-i129213771.html,Asus Vivobook14-i5-12Gen laptop-8GB-Ram-512GB SSD,"Rs. 75,996","Rs. 82,000",No Ratings,Multicolor
174,https://www.daraz.com.np/products/expertbook-b1402-i512th-gen16gb-ram512gb-ssd14-fhdbacklite-keyboard-i129281601.html,ExpertBook B1402 I5/12th Gen/16GB RAM/512GB SSD/14 FHD/Backlite Keyboard,"Rs. 75,896","Rs. 80,000",No Ratings,Black
176,https://www.daraz.com.np/products/msi-cyborg-15-ai-a1vfk-gaming-laptop-intel-ultra-7-16gb-ram-512gb-gen4-ssd-156-fhd-144hz-nvidia-rtx-4060-8gb-rgb-keyboard-win-11-home-i129963401.html,"MSI Cyborg 15 AI A1VFK Gaming Laptop (Intel Ultra 7 | 16GB RAM | 512GB Gen4 SSD | 15.6"" FHD 144Hz | NVIDIA RTX 4060 8GB | RGB Keyboard | Win 11 Home)","Rs. 194,200","Rs. 200,000",No Ratings,Black
177,https://www.daraz.com.np/products/msi-laptop-katana-gf66-11uc-11th-gen-intel-core-i5-11400h-16gb-ddr4-512gb-ssd-nvidia-rtx-3050-4gb-gaming-keyboard-156-fhd-144hz-win-10-i114885599.html,"MSI Laptop Katana GF66 11UC (11th Gen Intel Core i5- 11400H | 16GB DDR4 | 512GB SSD | NVIDIA RTX 3050 4GB | Gaming Keyboard | 15.6"" FHD 144Hz | Win 10","Rs. 130,000","Rs. 167,040",No Ratings,Black
179,https://www.daraz.com.np/products/dell-laptop-vostro-3520-i3-12th-gen-8gb-ram-256gb-ssd-156-fhd-display-i133298550.html,"Dell Laptop Vostro 3520 i3 12th Gen / 8GB RAM / 256GB SSD / 15.6"" FHD Display","Rs. 48,999","Rs. 60,000",No Ratings,Black
180,https://www.daraz.com.np/products/lenovo-ideapad-slim-3-14iru8-13th-gen-intel-core-i3-1305u-processor-8gb-ram-512gb-ssd-intel-uhd-graphics-card-14-inch-fhd-ips-display-fingerprint-reader-i133117898.html,Lenovo IdeaPad Slim 3 14IRU8 (13th Gen Intel Core i3 1305U Processor | 8GB RAM | 512GB SSD | Intel UHD Graphics Card | 14-inch FHD IPS Display | Fingerprint Reader,"Rs. 52,999","Rs. 59,999",No Ratings,Silver
181,https://www.daraz.com.np/products/great-asia-tk-e140-high-performance-windows-laptop-14-hd-display-intel-n3350-cpu-6gb-ram-128gb-ssd-i146594005.html,"Great Asia TK-E140: High-Performance Windows Laptop | 14"" HD Display | Intel N3350 CPU | 6GB RAM , 128GB SSD","Rs. 35,000","Rs. 45,000",No Ratings,Silver
184,https://www.daraz.com.np/products/dell-vostro-3520-intel-core-i3-12th-gen-8gb-ram-512gb-ssd-156fhd-120hz-i129210029.html,"Dell Vostro 3520 Intel Core i3 12th Gen 8GB Ram 512GB SSD 15.6""FHD 120Hz","Rs. 49,500","Rs. 54,000",No Ratings,Black
185,https://www.daraz.com.np/products/acer-aspire-14-core-5-120u-14th-gen-8-gb-ddr5-ram-512gb-ssd14-wuxga-ips-win-11-i134982224.html,"Acer Aspire 14 Core 5 120U 14th Gen / 8 GB DDR5 RAM/ 512GB SSD/14"" WUXGA IPS/ Win 11","Rs. 83,990","Rs. 98,990",No Ratings,Steel Gray
187,https://www.daraz.com.np/products/acer-aspire-3-2023-ryzen-5-7520u-8gb-ram-256gb-ssd-156-fhd-display-i128496209.html,"Acer Aspire 3 2023 Ryzen 5 7520U 8GB RAM 256GB SSD 15.6"" FHD Display","Rs. 58,790","Rs. 69,000",No Ratings,Silver
190,https://www.daraz.com.np/products/mi-redmibook-15-pro-intel-core-i5-11th-gen-156-inch-thin-and-light-laptop-8gb512-gb-ssdwindows-10-home-charcoal-gray-18-kg-with-ms-office-i114004053.html,"Mi Redmibook 15 Pro Intel Core I5 11Th Gen 15.6-Inch Thin And Light Laptop (8Gb/512 Gb Ssd/Windows 10 Home) (Charcoal Gray, 1.8 Kg, With Ms Office)","Rs. 79,999","Rs. 94,999",No Ratings,Dark Grey
191,https://www.daraz.com.np/products/asus-vivobook-go-15-intel-core-i3-13th-gen-8gb-ram-ddr4-128gb-ssd-156-full-hd-windows-11-home-genuine-laptop-i146360419.html,ASUS VivoBook GO 15 Intel Core i3 13th Gen 8GB RAM DDR4 128GB SSD 15.6″ Full HD Windows 11 Home Genuine Laptop,"Rs. 58,990","Rs. 65,000",No Ratings,Silver
192,https://www.daraz.com.np/products/asus-vivobook-x1402z-core-i5-12th-gen8gb-ram512gb-ssd14-fhdbacklit-keyboardwin-11-i128902849.html,"Asus Vivobook X1402Z Core i5 12th Gen/8GB RAM/512GB SSD/14"" FHD/Backlit Keyboard/Win 11","Rs. 77,900","Rs. 98,000",No Ratings,Black
198,https://www.daraz.com.np/products/laptop-acer-nitro-v15-i5-13420h16gb-ram512-nvme-ssd-nvidia-rtx-2050-4gb-gddr6156144hz-i132037801.html,"Laptop Acer Nitro V15 i5 13420H/16GB RAM/512 NVMe SSD/ NVIDIA RTX 2050 4GB GDDR6/15.6""/144Hz","Rs. 99,999","Rs. 118,000",No Ratings,Black
199,https://www.daraz.com.np/products/acer-aspire-5-i7-13th-generation-8gb-ddr5-ram-512gb-nvme-ssd-intel-iris-xe-graphics-156-fhd-display-laptop-i131374629.html,"Acer Aspire 5 i7 13th Generation - 8GB DDR5 RAM - 512GB NVMe SSD - Intel iris Xe Graphics - 15.6"" FHD Display Laptop","Rs. 85,890","Rs. 95,000",No Ratings,Dark Grey
200,https://www.daraz.com.np/products/asus-vivobook-15-intel-core-i7-12th-gen-8gb-ram-512gb-ssd-156-fhd-backlit-keyboard-windows-11-genuine-fp-laptop-i146694477.html,"Asus Vivobook 15 Intel Core i7 12th Gen | 8GB RAM | 512GB ssd/ 15.6"" FHD | Backlit Keyboard | Windows 11 Genuine | FP Laptop","Rs. 89,990","Rs. 99,000",No Ratings,Blue
201,https://www.daraz.com.np/products/dell-vostro-3520-i5-12th-gen-16gb-ram-512gb-ssd-156-120hz-fhd-black-i137562813.html,"Dell Vostro 3520 i5 12th Gen | 16GB RAM | 512GB SSD | 15.6"" 120Hz FHD | Black","Rs. 67,499","Rs. 68,999",No Ratings,Black
204,https://www.daraz.com.np/products/acer-aspire-3-15-ryzen-3-7320u-2023-4gb-ddr5-ram-256gb-ssd-amd-radeon-graphics-156-fhd-display-silver-i128845738.html,"Acer Aspire 3 15 Ryzen 3 7320U 2023 - 4GB DDR5 RAM- 256GB SSD - AMD Radeon Graphics - 15.6"" FHD Display - Silver","Rs. 46,999","Rs. 60,000",No Ratings,White
206,https://www.daraz.com.np/products/acer-swift-go-14-ai-powered-evo-intel-core-ultra-7-processor-155h-16gb-ddr5-ram-1tb-nvme-gen-4-ssd-intel-arc-graphics-14-1920-x-1200-touchscreen-display-backlit-keyboard-fingerprint-windows-11-home-silver-i130053765.html,Acer Swift Go 14 AI Powered EVO Intel Core Ultra 7 Processor 155H – 16GB DDR5 RAM – 1TB NVMe Gen 4 SSD – Intel ARC Graphics – 14″ ( 1920 x 1200 ) TouchScreen Display – Backlit Keyboard – Fingerprint – Windows 11 Home – Silver,"Rs. 139,999","Rs. 195,000",No Ratings,Silver
209,https://www.daraz.com.np/products/lenovo-v15-ryzen-5-7520-8gb-ram-256gb-ssd-156-fhd-laptop-i128202112.html,"Lenovo V15 Ryzen 5 7520 8GB RAM 256GB SSD 15.6"" FHD Laptop","Rs. 60,990","Rs. 75,000",No Ratings,Black
210,https://www.daraz.com.np/products/asus-tuf-a15-ryzen-5-7535-hs-8-gb-ram-512-gb-ssd156-fhd-ips-rtx-2050-gfxbacklit-keyboard-win-11-i136757622.html,"Asus TUF A15 Ryzen 5 - 7535 HS / 8 GB RAM/ 512 GB SSD/15.6"" FHD IPS /RTX 2050 GFX/Backlit Keyboard/ Win 11","Rs. 99,990","Rs. 119,990",No Ratings,Black
211,https://www.daraz.com.np/products/acer-swift-go-14-core-i5-13500h-13th-gen-16-gb-ram-512gb-ssd14-oled-28kbacklit-keyboard-win-11-i134738904.html,"Acer Swift GO 14 Core i5-13500H 13th Gen / 16 GB RAM/ 512GB SSD/14"" OLED 2.8K/Backlit Keyboard/ Win 11","Rs. 109,990","Rs. 123,990",No Ratings,Pure Silver
212,https://www.daraz.com.np/products/acer-extensa-15-ex215-i5-1135g7-8gb-512gb-ssd-156-fhd-i116329269.html,Acer Extensa 15 215 - i5 11th Gen 8GB 256SSD 15.6FHD,"Rs. 61,047","Rs. 70,000",1 Ratings,Black
213,https://www.daraz.com.np/products/acer-swift-go-14-intel-evo-i7-13th-gen-1355u-16gb-ddr5-ram-512gb-nvme-ssd-intel-integrated-graphics-14-1920-x-1200-touch-display-backlit-keyboard-fingerprint-windows-11-silver-i130050845.html,Acer Swift Go 14 Intel EVO i7 13th Gen 1355U – 16GB DDR5 RAM – 512GB NVMe SSD – Intel Integrated Graphics – 14″ ( 1920 x 1200 ) Touch Display – Backlit Keyboard – FingerPrint – Windows 11 – Silver,"Rs. 115,999","Rs. 130,000",No Ratings,Silver
214,https://www.daraz.com.np/products/acer-aspire-5-i5-13th-generation-2023-8gb-ddr5-ram-512gb-nvme-ssd-intel-iris-xe-graphics-14-fhd-display-steel-grey-i128841866.html,"Acer Aspire 5 i5 13th Generation 2023 - 8GB DDR5 RAM - 512GB NVMe SSD - Intel iris Xe Graphics - 14"" FHD Display - Steel Grey","Rs. 73,999","Rs. 85,000",No Ratings,Black
219,https://www.daraz.com.np/products/lenovo-ideapad-slim-3-i7-13th-gen-13620h-cpu-16gb-ram-512ssd-156-screen-laptop-i134786148.html,Lenovo ideapad Slim 3 i7 13th Gen 13620H CPU 16GB RAM 512ssd 15.6 Screen Laptop,"Rs. 89,990","Rs. 110,000",No Ratings,15.6-inch
220,https://www.daraz.com.np/products/dell-vostro-3520-i3-1215u-6-cores-8gb-ram512gb-ssd156-display-i128111415.html,Dell Vostro 3520 I3-1215U (6 cores) 8GB RAM/512GB SSD/15.6 Display,"Rs. 50,998","Rs. 55,000",No Ratings,Black
224,https://www.daraz.com.np/products/asus-vivobook-x513e-11th-gen-core-i3-1115g4-processor-4gb-ram-256gb-ssd-156a-full-hd-1920x1080-60hz-display-windows-11-genuine-fingerprintabbsy-blue-i117893716.html,"Asus VivoBook X513E 11th Gen Core i3-1115G4 Processor, 4GB RAM, 256GB SSD, 15.6â Full HD (1920x1080) 60Hz Display Windows 11 Genuine Fingerprint,Abbsy Blue","Rs. 46,900","Rs. 53,000",No Ratings,Blue
226,https://www.daraz.com.np/products/dell-vostro-14-3430-13th-gen-i3-1305u-8gb-512-ssd-1yrs-warranty-i129113605.html,"DELL VOSTRO 14"" 3430 | 13th gen I3-1305U | 8GB | 512 SSD | 1yrs warranty","Rs. 68,500","Rs. 70,000",No Ratings,Silver
229,https://www.daraz.com.np/products/lenovo-laptop-v15-g4-core-i513th-gen-13420h-8gb-ram-512ssd-gb-156-fhd-display-win-11-i136724027.html,Lenovo Laptop V15 G4 CORE i5/13th gen / 13420H/ 8GB RAM-512SSD GB 15.6 FHD Display - win 11,"Rs. 72,999","Rs. 93,000",No Ratings,Light Black
232,https://www.daraz.com.np/products/acer-aspire-3-amd-ryzen-5-7520u-8gb-ram-512gb-ssd-156-fhd-integrated-amd-graphics-silver-dos-i128951538.html,"Acer aspire 3 AMD Ryzen 5 7520U, 8GB RAM, 512GB SSD, 15.6 FHD, Integrated AMD Graphics, Silver, DOS","Rs. 60,900","Rs. 65,900",No Ratings,Grey
233,https://www.daraz.com.np/products/acer-aspire-3-i5-11th-gen-8gb-ram-512gb-ssd-156fhd-i128105489.html,Acer Aspire 3 I5-11th Gen-8GB RAM-512GB SSD -15.6FHD,"Rs. 65,996","Rs. 73,000",No Ratings,Silver
237,https://www.daraz.com.np/products/newly-lunched-lenovo-yoga-6-13alc6-touch-screen-360-degree-rotate-5500u-21g-8gb-ram-256gb-ssd-133-hd-i119236008.html,Newly lunched-Lenovo Yoga 6 13ALC6 Touch Screen 360 Degree Rotate 5500U 2.1G 8GB RAM 256GB SSD 13.3″ HD,"Rs. 109,990","Rs. 120,000",No Ratings,Dark blue
238,https://www.daraz.com.np/products/lenovo-v15-intel-celeron-processor-4-gb-ram-128-gb-ssd-156-inch-black-i125363116.html,Lenovo V15 Intel Celeron Processor 4 GB RAM 128 GB SSD 15.6 inch Black,"Rs. 35,000","Rs. 42,000",No Ratings,Black
239,https://www.daraz.com.np/products/dell-lattitude-344012th-gen-i5-processor8gb-ram512gb-ssdbacklit3yrs-warranty-i147745582.html,Dell Lattitude 3440/12th Gen i5 Processor/8GB RAM/512GB SSD/Backlit/3yrs Warranty,"Rs. 74,999","Rs. 88,000",No Ratings,Black
240,https://www.daraz.com.np/products/asus-vivo-book-x1402z-core-i5-12th-gen8gb-ram512-gb-ssd14-fhd-displaymagic-numpad-win-11-i128898725.html,"ASUS Vivo Book X1402Z Core i5 12th Gen/8GB RAM/512 GB SSD/14"" FHD Display/Magic Numpad/ Win 11","Rs. 73,990","Rs. 92,000",No Ratings,Silver
243,https://www.daraz.com.np/products/acer-aspire-go-14-amd-ryzen-5-7520u-8-gb-ddr5-ram-512gb-ssd14-wuxga-win-11-i134994004.html,"Acer Aspire GO 14 AMD Ryzen 5 - 7520U / 8 GB DDR5 RAM/ 512GB SSD/14"" WUXGA / Win 11","Rs. 68,990","Rs. 78,990",No Ratings,Pure Silver
244,https://www.daraz.com.np/products/acer-aspire-3-15-ryzen-5-7520u-2023-8gb-ddr5-ram-512gb-pcle-nvme-ssd-amd-radeon-graphics-156-fhd-display-silver-i128839902.html,"Acer Aspire 3 15 Ryzen 5 7520U 2023 - 8GB DDR5 RAM- 512GB PCLe NVMe SSD - AMD Radeon Graphics - 15.6"" FHD Display - Silver","Rs. 61,999","Rs. 75,000",No Ratings,White
247,https://www.daraz.com.np/products/hp-victus-15-ryzen-5-7535hs-8gb-ddr5-ram-512-gb-nvme-ssd156-144hrz-display-4gb-rtx-2050-ddr6-graphicsbacklit-keyboard-win-11-i128569850.html,"HP Victus 15 Ryzen 5 7535HS /8GB DDR5 RAM/ 512 GB NVME SSD/15.6"" 144Hrz Display / 4GB RTX 2050 DDR6 Graphics/Backlit Keyboard/ Win 11","Rs. 92,990","Rs. 114,990",No Ratings,Black
253,https://www.daraz.com.np/products/lenovo-ideapad-slim-3-i5-13th-gen-8gb-ram-512gb-ssd-156-fhd-backlight-keyboard-i128495233.html,"Lenovo IdeaPad Slim 3 i5 13th Gen 8GB RAM 512GB SSD 15.6"" FHD Backlight Keyboard","Rs. 69,990","Rs. 78,000",No Ratings,Grey
255,https://www.daraz.com.np/products/dell-latitude-5410-i5-10th-gen-8gb-ram-256gb-nvme-ssd-14-fhd-display-grey-color-i145314412.html,Dell Latitude 5410 i5 10th Gen 8GB RAM 256GB Nvme SSD 14'' FHD Display Grey Color,"Rs. 59,900","Rs. 63,000",No Ratings,Grey
258,https://www.daraz.com.np/products/lenovo-v14-g4-intel-core-i5-13th-gen-13420h-16gb-ddr4-ram-512gb-nvme-ssd-intel-iris-xe-integrated-graphics-14-fhd-display-black-i146161067.html,Lenovo V14 G4 Intel Core i5 13th Gen 13420H – 16GB DDR4 RAM – 512GB NVMe SSD – Intel Iris Xe Integrated Graphics – 14″ FHD Display – Black,"Rs. 79,999","Rs. 88,000",No Ratings,Black
259,https://www.daraz.com.np/products/acer-nitro-v-15-2023-i7-13620h-rtx-4060-8gb-16gb-ram-512gb-ssd-156-fhd-144hz-display-2-year-warranty-i146234679.html,"Acer Nitro V 15 2023 i7 13620H | RTX 4060 8GB | 16GB RAM | 512GB SSD | 15.6"" FHD 144Hz display | 2 Year Warranty","Rs. 147,999","Rs. 150,000",No Ratings,Black
261,https://www.daraz.com.np/products/msi-modern-14-c12mo-laptop-12th-gen-intel-core-i5-16gb-ram-512gb-ssd-14-fhd-ips-wi-fi-6-backlit-keyboard-usb-c-14kg-i129962601.html,"MSI Modern 14 C12MO Laptop (12th Gen Intel Core i5 | 16GB RAM | 512GB SSD | 14"" FHD IPS | Wi-Fi 6 | Backlit Keyboard | USB-C | 1.4KG)","Rs. 80,900","Rs. 85,000",No Ratings,Black
263,https://www.daraz.com.np/products/acer-predator-helios-300-i5-10th-gen-rtx-3060-16gb-ram-512gb-ssd-156-fhd-144hz-display-i128952003.html,"Acer Predator Helios 300 i5 10th Gen RTX 3060 16GB RAM 512GB SSD 15.6"" FHD 144Hz Display","Rs. 117,690","Rs. 155,000",No Ratings,Black
264,https://www.daraz.com.np/products/dell-latitude-3420-core-i5-1135g7-11th-gen8-gb-ram512-gb-nvme14-fhd-win-11-professional-genuine-business-series-i128273616.html,"Dell Latitude 3420 Core i5 1135G7 11th Gen/8 GB RAM/512 GB NVME/14"" FHD/ Win 11 Professional Genuine/ Business Series","Rs. 79,990","Rs. 99,800",No Ratings,Black
266,https://www.daraz.com.np/products/acer-aspire-go-14-amd-ryzen-5-7520u-processor-16gb-ram-512gb-ssd-14-inch-fhd-display-i134853359.html,Acer Aspire Go 14 AMD Ryzen 5 7520U Processor 16GB RAM 512GB SSD 14-inch FHD Display,"Rs. 69,500","Rs. 82,000",No Ratings,Silver
270,https://www.daraz.com.np/products/dell-vostro-3520-core-i5-1235u-8gb-256gb-156-fhd-ubuntu-i128951880.html,"Dell Vostro 3520 | Core™ i5-1235U | 8GB | 256GB | 15.6"" FHD | UBUNTU","Rs. 64,900","Rs. 66,900",No Ratings,Black
273,https://www.daraz.com.np/products/xlab-x-book-series-xl-156p-laptop-accessories-security-software-i110403940.html,xLab x-Book Series XL-156P Laptop + Accessories + Security & Software,"Rs. 64,900","Rs. 79,777",No Ratings,Grey
276,https://www.daraz.com.np/products/dell-laptop-3520-i3-12th-generation-8gb-512gb-i129588505.html,Dell Laptop 3520 I3 12th Generation 8gb 512gb,"Rs. 53,500","Rs. 56,500",No Ratings,Black
281,https://www.daraz.com.np/products/acer-aspire-5-i7-12th-gen-8gb-ram-512gb-ssd-156-fhd-i128489193.html,Acer Aspire 5 i7 12th Gen 8GB RAM 512GB SSD 15.6″ FHD,"Rs. 91,890","Rs. 115,000",No Ratings,Silver
284,https://www.daraz.com.np/products/lenovo-ideapad-1-14amn7-ryzen-5-7520u-8gb-ram-256gb-ssd-14-fhd-display-i133125058.html,"Lenovo IdeaPad 1 14AMN7 | Ryzen 5-7520U | 8GB RAM | 256GB SSD | 14"" FHD Display","Rs. 58,999","Rs. 64,999",No Ratings,Silver
285,https://www.daraz.com.np/products/lenovo-ip3-ryzen-7-5700u8gb-ram256gb-ssd14-fhd-i122102395.html,"Lenovo IP3 Ryzen 7 5700U/8GB RAM/256GB SSD/14"" FHD","Rs. 73,990","Rs. 102,990",No Ratings,Artic Gray
286,https://www.daraz.com.np/products/acer-aspire-5-core-i5-13th-gen8gb-ram512gb-ssd156-fhdwin-11-i128910933.html,"Acer Aspire 5 Core i5 13th Gen/8GB RAM/512GB SSD/15.6"" FHD/Win 11","Rs. 69,990","Rs. 85,000",No Ratings,Black
289,https://www.daraz.com.np/products/hp-15s-ryzen-5-5500u-8-gb-ram-512-gb-ssd-156-inch-display-ote-i123094700.html,HP 15s Ryzen 5-5500U 8 GB RAM 512 GB SSD 15.6-inch Display - OTE,"Rs. 75,000","Rs. 80,000",No Ratings,Silver
294,https://www.daraz.com.np/products/lenovo-ip-slim-3-core-i5-13th-gen-13420h-8gb-ddr-5-ram512-gb-ssd156-fhdwin-11-i128896765.html,"Lenovo IP Slim 3 Core i5 13th Gen 13420H/ 8GB DDR 5 RAM/512 GB SSD/15.6"" FHD/Win 11","Rs. 71,990","Rs. 92,990",No Ratings,Black
298,https://www.daraz.com.np/products/acer-nitro-v-15-intel-core-i7-13th-gen-13620h-16gb-ddr5-ram-512gb-nvme-ssd-nvidia-rtx-4050-6gb-graphics-156-fhd-144hz-display-backlit-keyboard-black-i128521008.html,Acer Nitro V 15 Intel Core i7 13th Gen 13620H – 16GB DDR5 RAM – 512GB NVMe SSD – NVIDIA RTX 4050 6GB Graphics – 15.6″ FHD 144Hz Display – Backlit Keyboard – Black,"Rs. 139,999","Rs. 155,000",No Ratings,Black
299,https://www.daraz.com.np/products/hp-envy-x360core-5-120u-14th-gen-8gb-ram-512gb-ssd-14fhd-360-touch-backlit-keyboard-win-11-i146505312.html,"HP Envy x360,Core 5-120U 14th Gen | 8GB RAM | 512GB SSD | 14″FHD | 360 Touch | Backlit-Keyboard | Win 11","Rs. 97,499","Rs. 109,990",No Ratings,Silver
303,https://www.daraz.com.np/products/dell-inspiron-15-3530-i3-1305u-8gb-ram-512-gb-ssd-intel-uhd-fhd-display-156-inch-black-i136667122.html,DELL INSPIRON 15 3530 - i3 1305U | 8GB RAM | 512 GB SSD | Intel UHD | FHD Display 15.6-inch | Black,"Rs. 69,999","Rs. 80,500",No Ratings,Black
306,https://www.daraz.com.np/products/acer-swift-go-14-core-core-i7-1355u-13th-gen-16-gb-ram-512gb-ssd14-ips-touchbacklit-keyboard-win-11-i134757036.html,"Acer Swift GO 14 Core Core i7 - 1355U 13th Gen / 16 GB RAM/ 512GB SSD/14"" IPS Touch/Backlit Keyboard/ Win 11","Rs. 125,990","Rs. 145,990",No Ratings,Pure Silver
308,https://www.daraz.com.np/products/dell-vostro-3400-i3-11th-gen-8gb-ram-256gb-ssd-14-inch-display-laptop-i128049529.html,Dell Vostro 3400 i3 11th Gen / 8GB RAM / 256GB SSD / 14 inch Display Laptop,"Rs. 48,999","Rs. 63,000",No Ratings,Black
310,https://www.daraz.com.np/products/asus-zenbook-14x-oled-q410-i5-13500h-8gb-ram-512gb-ssd-145-24k-120hz-display-i129730546.html,Asus Zenbook 14X OLED Q410 I5-13500H-8GB RAM-512GB SSD-14.5' 2.4K 120Hz Display,"Rs. 99,998","Rs. 105,000",No Ratings,Multicolor
311,https://www.daraz.com.np/products/apple-macbook-air-m1-8gb-unified-memery-256gb-storage-i135656793.html,Apple Macbook Air M1 8gb Unified memery 256gb Storage,"Rs. 116,500","Rs. 124,000",No Ratings,Space Grey
312,https://www.daraz.com.np/products/lenovo-ideapad-3-core-i3-1115g4-8gb-ram-256gb-ssd-14-fhd-i123703247.html,Lenovo Ideapad 3 | Core i3- 1115G4 | 8GB RAM | 256GB SSD | 14” FHD,"Rs. 53,999","Rs. 62,000",No Ratings,Multicolor
315,https://www.daraz.com.np/products/acer-shadow-15-intel-core-i7-13620h-rtx-4060-8gb-graphics-16gb-ddr5-ram-1tb-nvme-gen-4-ssd-156-fhd-165hz-display-rgb-backlit-keyboard-black-i150024168.html,Acer Shadow 15 Intel Core i7 13620H RTX 4060 8GB Graphics – 16GB DDR5 RAM – 1TB NVMe Gen 4 SSD – 15.6″ FHD 165Hz Display – RGB Backlit Keyboard – Black,"Rs. 159,999","Rs. 195,000",No Ratings,Black
317,https://www.daraz.com.np/products/acer-aspire-5-i7-13th-gen-1355u-2023-8gb-ddr5-ram-512gb-nvme-ssd-156-fhd-display-iris-xe-graphics-steel-grey-i128839907.html,Acer Aspire 5 i7 13th Gen 1355U 2023 – 8GB DDR5 RAM – 512GB NVMe SSD – 15.6″ FHD Display – Iris Xe Graphics – Steel Grey,"Rs. 99,999","Rs. 115,000",No Ratings,Black
319,https://www.daraz.com.np/products/lenovo-ideapad-3-intel-core-i5-11th-gen-8gb-ddr4-ram-256gb-nvme-ssd-intel-iris-xe-graphics-156-fhd-display-grey-i128839915.html,"Lenovo Ideapad 3 Intel Core i5 11th Gen - 8GB DDR4 RAM - 256GB NVMe SSD - Intel Iris Xe Graphics - 15.6"" FHD Display - Grey","Rs. 62,999","Rs. 78,000",No Ratings,Silver
320,https://www.daraz.com.np/products/acer-aspire-5-a515-58p-intel-core-i5-1335u-processor-8gb-ram-512gb-ssd-intel-iris-xe-graphics-156-fhd-display-i129075100.html,"Acer Aspire 5 A515-58P (Intel Core i5-1335U Processor | 8GB RAM | 512GB SSD | Intel Iris Xe Graphics | 15.6"" FHD Display)","Rs. 71,900","Rs. 75,000",No Ratings,Grey
322,https://www.daraz.com.np/products/dell-latitude-13inch-5320-model-11th-generation-i5-processor-8gb-ram-256gb-ssd-i127386217.html,Dell Latitude 13inch 5320 Model (11th generation i5 processor/ 8gb RAM / 256GB SSD),"Rs. 118,000","Rs. 120,000",No Ratings,Silver
324,https://www.daraz.com.np/products/laptop-lenovo-ideapad-1-intel-celeron-n4020-i132005695.html,Laptop Lenovo IdeaPad 1 Intel Celeron N4020,"Rs. 35,199","Rs. 42,000",No Ratings,cloud grey
330,https://www.daraz.com.np/products/dell-inspiron-3511-i5-laptop-11-gen-processor-8-gb-ram-512-gb-ssd-2-gb-graphics-1-year-warranty-silver-or-black-i128639500.html,Dell Inspiron 3511 I5 Laptop 11 Gen Processor 8 GB RAM 512 GB SSD 2 GB Graphics 1 Year Warranty Silver or Black,"Rs. 95,999","Rs. 114,999",No Ratings,Black
331,https://www.daraz.com.np/products/asus-expertbook-b1402-i7-13th-gen-16gb-ram-512gb-ssd-14-fhd-screen-backlit-keyboard-fp-laptop-i131371951.html,"Asus Expertbook B1402 i7 13th Gen | 16GB RAM | 512GB ssd | 14"" FHD Screen | Backlit Keyboard | FP Laptop","Rs. 103,790","Rs. 125,000",No Ratings,Blue
332,https://www.daraz.com.np/products/msi-cyborg-15-a12uc-gaming-laptop-12th-gen-core-i5-16gb-ram-512gb-gen4-ssd-156-fhd-144hz-nvidia-rtx-3050-4gb-win-11-home-i129972117.html,"MSI Cyborg 15 A12UC Gaming Laptop (12th Gen Core i5 | 16GB RAM | 512GB Gen4 SSD | 15.6"" FHD 144Hz | NVIDIA RTX 3050 4GB | Win 11 Home)","Rs. 128,000","Rs. 130,000",No Ratings,Black
341,https://www.daraz.com.np/products/laptop-acer-predator-helios-300-72ju-i7-11th-gen-16gb-1tb-ssd-rtx3060-6gb-os-i128487178.html,Laptop Acer Predator Helios 300 72JU i7 11th Gen-16GB-1TB SSD-RTX3060 6GB-OS,"Rs. 154,990","Rs. 208,000",No Ratings,Black
345,https://www.daraz.com.np/products/hp-envy-x360-i7-13th-gen-16gb-ram-512gb-ssd-14-fhd-360-touch-screen-display-i128490147.html,"HP Envy x360 i7 13th Gen 16GB RAM 512GB SSD 14"" FHD 360 Touch Screen Display","Rs. 126,490","Rs. 145,000",No Ratings,Silver
348,https://www.daraz.com.np/products/lenovo-loq-15irh8-core-i5-12450h-12th-gen-8-gb-ddr5-ram-512-gb-ssd156-fhd-144-hrzrtx-2050-4gb-gfx-backlit-keyboard-win-11-i132062957.html,"Lenovo LOQ 15IRH8 Core i5-12450H 12th Gen/ 8 GB DDR5 RAM/ 512 GB SSD/15.6"" FHD 144 Hrz/RTX 2050 4GB GFX/ Backlit Keyboard/ Win 11","Rs. 96,990","Rs. 109,800",No Ratings,Grey
351,https://www.daraz.com.np/products/msi-modern-14-b5m-laptop-amd-ryzen-7-5700u-8gb-ram-256gb-m2-nvme-ssd-14-fhd-ips-wi-fi-6-backlit-keyboard-usb-c-win-11-home-13kg-i114874935.html,"MSI Modern 14 B5M Laptop (AMD Ryzen 7 5700U | 8GB RAM | 256GB M.2 NVMe SSD | 14"" FHD IPS | Wi-Fi 6 | Backlit Keyboard | USB-C | Win 11 Home | 1.3KG)","Rs. 90,000","Rs. 116,000",No Ratings,Grey
352,https://www.daraz.com.np/products/acer-aspire-5-core-i5-1235u-12th-gen-8-gb-ram-512gb-ssd156-ipsrtx-2050-4gb-gfx-backlit-keyboard-i134909871.html,"Acer Aspire 5 Core i5- 1235U 12th Gen / 8 GB RAM/ 512GB SSD/15.6"" IPS/RTX 2050 4GB Gfx / Backlit Keyboard","Rs. 93,990","Rs. 99,990",No Ratings,Steel Gray
355,https://www.daraz.com.np/products/acer-nitro-v-15-core-i5-13420h-13th-gen-16-gb-ddr5-ram-512-gb-ssd156-fhd-144-hrzrtx-4050-6gb-gfx-backlit-keyboard-win-11-i132063373.html,"Acer Nitro V 15 Core i5-13420H 13th Gen/ 16 GB DDR5 RAM/ 512 GB SSD/15.6"" FHD 144 Hrz/RTX 4050 6GB GFX/ Backlit Keyboard/ Win 11","Rs. 124,990","Rs. 139,990",No Ratings,Black
356,https://www.daraz.com.np/products/hp-240-g9-notebook-with-i7-processor-8-gb-ram-512-gb-ssd-14-inch-12th-gen-i129508715.html,HP 240 G9 Notebook With I7 Processor 8 GB RAM 512 GB SSD 14 Inch 12th Gen,"Rs. 92,896","Rs. 105,000",No Ratings,Silver
361,https://www.daraz.com.np/products/hp-victus-15-fb1013-gaming-amd-ryzen-5-7535hs-512gb-ssd-8gb-ram-win11nvidia-rtx-2050-4gb-156-19201080-144hz-mica-backlit-keyboard-i136721005.html,HP VICTUS 15-FB1013 GAMING AMD Ryzen™ 5 7535HS/ 512GB SSD/ 8GB Ram/ WIN11/NVIDIA® RTX 2050 (4GB)/ 15.6″ (1920×1080) 144Hz MICA Backlit Keyboard,"Rs. 93,799","Rs. 107,999",No Ratings,Matte Black
363,https://www.daraz.com.np/products/dell-inspiron-16-5620-i5-1235u-8gb-ram-512gb-ssd-16-led-full-hd-windows-11-i128488214.html,Dell Inspiron 16 5620 i5 1235U 8GB Ram 512GB SSD 16 LED Full HD+ Windows 11,"Rs. 101,490","Rs. 108,000",No Ratings,Silver
365,https://www.daraz.com.np/products/toshiba-terca-a40-celeron-dual-core-5205u4-4gbram-128gb-ssd-i114701019.html,Toshiba Terca A40 Celeron Dual Core 5205U4 4GBRAM 128GB SSD,"Rs. 38,999","Rs. 42,999",No Ratings,Graphite Black
366,https://www.daraz.com.np/products/acer-nitro-5-laptop-an515-58-97qp-new-intel-core-i9-12th-gen-12900h-16gb-ram-512ssd-nvidia-geforce-rtx-4060-8gb-graphics-156-fhd-display-144hz-dos-black-i135849067.html,Acer Nitro 5 Laptop AN515-58-97QP New Intel Core i9/ 12th Gen / 12900H/ 16GB RAM / 512SSD /NVIDIA GEFORCE RTX 4060 8GB GRAPHICS / 15.6 FHD DISPLAY /144HZ/ DOS/ Black,"Rs. 166,799","Rs. 192,560",No Ratings,Black
368,https://www.daraz.com.np/products/dell-g15-amd-ryzen-7-7840hs-rtx-4060-8gb-graphics-16gb-ddr5-ram-512gb-nvme-ssd-156-fhd-165hz-display-windows-11-home-dark-shadow-gray-i146174031.html,Dell G15 AMD Ryzen 7 7840HS RTX 4060 8GB Graphics – 16GB DDR5 RAM – 512GB NVMe SSD – 15.6″ FHD 165Hz Display – Windows 11 Home – Dark Shadow Gray,"Rs. 159,999","Rs. 180,000",No Ratings,Black
369,https://www.daraz.com.np/products/dell-inspiron-16-5625-amd-ryzen-5-5625u-processor-8gb-ram-512gb-ssd-amd-radeon-graphics-i129771010.html,Dell Inspiron 16 5625 (AMD Ryzen 5 - 5625U Processor | 8GB RAM | 512GB SSD | AMD Radeon Graphics,"Rs. 94,500","Rs. 102,000",No Ratings,Silver
370,https://www.daraz.com.np/products/dell-vostro-3520-i5-12th-generation-8gb-ram-512gb-ssd-i129584391.html,Dell Vostro 3520 i5 12th Generation 8Gb Ram 512Gb SSD,"Rs. 66,500","Rs. 71,000",No Ratings,Black
384,https://www.daraz.com.np/products/hp-victus-ryzen-5-7535hs-8gb-512gb-ssd-rtx-2050-4gb-156-fhd-144hz-i128489178.html,HP Victus Ryzen 5 7535HS 8GB 512GB SSD RTX 2050 4GB 15.6″ FHD 144Hz,"Rs. 97,690","Rs. 110,000",No Ratings,Silver
387,https://www.daraz.com.np/products/lenovo-loq-i5-13th-gen-16gb-ram-512gb-ssd-rtx-2050-156-fhd-i130109523.html,Lenovo LOQ I5 13th Gen 16GB Ram 512GB SSD RTX 2050 15.6 FHD,"Rs. 102,990","Rs. 113,000",No Ratings,Grey
388,https://www.daraz.com.np/products/hp-victus-15-intel-core-i5-13420h-processor-156-19201080-fhd-ips-display-8gb-ram-512-gb-ssd-nvidia-rtx-30506gb-dedicated-graphics-144hz-refresh-rate-i128072206.html,HP VICTUS 15 / Intel core i5-13420H Processor / 15.6″ (1920×1080) FHD IPS Display / 16GB RAM / 512 GB SSD / NVIDIA® RTX 3050(6GB Dedicated Graphics) 144Hz Refresh Rate,"Rs. 118,998","Rs. 130,000",No Ratings,Blue
395,https://www.daraz.com.np/products/acer-predator-helios-neo-16-intel-core-i5-13500hx-rtx-4060-8gb-graphics-16gb-ddr5-ram-1tb-nvme-gen-4-ssd-16-wuxga-165hz-display-windows-11-home-i146098687.html,Acer Predator Helios Neo 16 Intel Core i5-13500HX RTX 4060 8GB Graphics – 16GB DDR5 RAM – 1TB NVMe Gen 4 SSD – 16″ WUXGA 165Hz Display – Windows 11 Home,"Rs. 169,999","Rs. 195,000",No Ratings,Black
397,https://www.daraz.com.np/products/acer-nitro-5-i7-11th-gen-rtx-3070-156-fhd-144hz-16gb-ram-1tb-ssd-i128949074.html,"Acer Nitro 5 i7 11TH GEN RTX 3070 15.6"" FHD 144Hz 16GB RAM 1TB SSD","Rs. 146,490","Rs. 200,000",No Ratings,Black
405,https://www.daraz.com.np/products/dell-g16-7630-intel-core-i9-13900hx-rtx-4060-8gb-graphics-32gb-ddr5-ram-1tb-nvme-ssd-16-qhd-2560-x-1600-240hz-display-windows-11-home-i146097700.html,Dell G16 7630 Intel Core i9 13900HX RTX 4060 8GB Graphics – 32GB DDR5 RAM – 1TB NVMe SSD – 16″ QHD ( 2560 x 1600 ) 240Hz Display – Windows 11 Home,"Rs. 229,999","Rs. 280,000",No Ratings,Black
409,https://www.daraz.com.np/products/msi-gf63-thin-10sc-10th-gen-core-i7-10750h-8gb-ram-512gb-nvme-ssd-nvidia-gtx-1650-4gb-win-10-light-weight-i114885481.html,MSI GF63 Thin 10SC | 10th Gen Core i7-10750H | 8GB RAM | 512GB NVMe SSD | NVIDIA GTX 1650-4GB | Win 10 | Light Weight,"Rs. 97,000","Rs. 120,000",No Ratings,Black
412,https://www.daraz.com.np/products/asus-rog-zephyrus-duo-15-se-gx551-amd-ryzen-9-5900hx-rtx-3080-32gb-ram-1tb-ssd-156-fhd-touch-14-fhd-touchstylus-support-i128487166.html,"Asus ROG Zephyrus Duo 15 SE GX551 / AMD Ryzen 9 5900HX / RTX 3080 / 32GB RAM / 1TB SSD / 15.6"" FHD Touch + 14"" FHD Touch/Stylus Support","Rs. 470,000","Rs. 500,000",No Ratings,Black
418,https://www.daraz.com.np/products/acer-predator-helios-neo-16-i7-13th-gen-rtx-4060-16gb-ram-1tb-ssd-16-165hz-display-i128487163.html,"Acer Predator Helios Neo 16 / i7 13th Gen / RTX 4060 / 16GB RAM / 1TB SSD / 16"" 165Hz Display","Rs. 196,490","Rs. 250,000",No Ratings,Black
424,https://www.daraz.com.np/products/acer-nitro-v15-laptop-anv15-51-71pd-new-intel-core-i7-13th-gen-13620h-16gb-ram-512-ssd-nvidia-geforce-rtx-3050-6gb-backlit-english-keyboard-156-fhd-display-dos-i135848386.html,Acer Nitro V15 Laptop ANV15-51-71PD New Intel Core i7/ 13th gen/ 13620H/ 16GB RAM/ 512 SSD/ NVIDIA GEFORCE RTX 3050 6GB/ Backlit English KEYboard/ 15.6 FHD Display /DOS,"Rs. 130,299","Rs. 172,000",No Ratings,Black
426,https://www.daraz.com.np/products/hp-victus-15-fb1013-gaming-amd-ryzen-5-7535hs-512gb-ssd-8gb-ram-win11nvidia-rtx-2050-4gb-156-19201080-144hz-mica-backlit-keyboard-i129158311.html,HP VICTUS 15-FB1013 GAMING AMD Ryzen™ 5 7535HS/ 512GB SSD/ 8GB Ram/ WIN11/NVIDIA® RTX 2050 (4GB)/ 15.6″ (1920×1080) 144Hz MICA Backlit Keyboard,"Rs. 96,299","Rs. 107,999",No Ratings,Black
428,https://www.daraz.com.np/products/dell-laptop-vostro-3520-i5-12th-gen-8gb-ram-512gb-ssd-156-fhd-display-i148026754.html,"Dell Laptop Vostro 3520 i5 12th Gen / 8GB RAM / 512GB SSD / 15.6"" FHD Display","Rs. 64,399","Rs. 80,000",No Ratings,Black
429,https://www.daraz.com.np/products/dell-precision-5470-core-i7-1280h-12th-gen-32-gb-ram-512gb-ssd-nvidia-rtx-a1000-4gb-gfx-14-fhd-ipsbacklit-keyboard-win-11-pro-i129942483.html,"Dell Precision 5470 Core i7 - 1280H 12th Gen/ 32 GB RAM/ 512GB SSD/ NVIDIA RTX A1000 4GB GFX/ 14"" FHD + IPS/Backlit Keyboard/ Win 11 Pro","Rs. 299,990","Rs. 325,000",No Ratings,Aluminum Titan Grey
433,https://www.daraz.com.np/products/lenovo-new-loq-gaming-laptop-2023-intel-13th-gen-i5-13420h-nvidia-geforce-rtx-3050-6gb-160-wuxga-144hz-display-16gb-ddr5-ram-512gb-pcie-ssd-i128941106.html,Lenovo New Loq Gaming Laptop 2023 | Intel 13Th Gen I5-13420H | Nvidia Geforce Rtx 3050 6Gb | 16.0″ Wuxga 144Hz Display| 16Gb Ddr5 Ram| 512Gb Pcie Ssd,"Rs. 138,000","Rs. 156,100",No Ratings,Black
436,https://www.daraz.com.np/products/great-asia-tk-e181-i7core-11th-gen-8gb-ram-512gb-ssd-64bit-os-156inc-screen-i127092200.html,GREAT ASIA TK-E181 I7CORE 11th Gen 8GB RAM 512GB SSD 64BIT OPERATING SYSTEM 15.6INC SCREEN,"Rs. 89,999","Rs. 95,000",No Ratings,sky grey
441,https://www.daraz.com.np/products/lenovo-legion-pro-5i-i9-13900hx-rtx-4070-8gb-16gb-ram-1tb-ssd-16-display-240hz-i128476838.html,"Lenovo Legion Pro 5i / i9-13900HX / RTX 4070 8GB / 16GB RAM / 1TB SSD / 16"" Display 240Hz","Rs. 308,590","Rs. 325,000",No Ratings,Black
446,https://www.daraz.com.np/products/acer-aspire-3-15-amd-ryzen-7-5700u-16gb-ddr4-ram-512nvme-ssd-amd-radeon-graphics-i132046046.html,Laptop Acer Aspire 3 15 AMD Ryzen 7 5700U 16GB DDR4 RAM 512NVMe SSD AMD RADEON GRAPHICS,"Rs. 69,999","Rs. 83,000",No Ratings,Silver
447,https://www.daraz.com.np/products/acer-nitro-v-15-core-i7-13620h-13th-gen-16-gb-ddr5-ram-512-gb-ssd156-fhd-144-hrzrtx-3050-6gb-gfx-backlit-keyboard-win-11-i132062462.html,"Acer Nitro V 15 Core i7 -13620H 13th Gen/ 16 GB DDR5 RAM/ 512 GB SSD/15.6"" FHD 144 Hrz/RTX 3050 6GB GFX/ Backlit Keyboard/ Win 11","Rs. 137,990","Rs. 159,990",No Ratings,Black
448,https://www.daraz.com.np/products/dell-vostro-3520-intel-core-i5-11th-generation-8gb-ddr4-ram-256gb-ssd-storage-intel-iris-xe-graphics-156-fhd-display-black-i128841857.html,Dell Vostro 3520 Intel Core i5 11th Generation - 8GB DDR4 RAM - 256GB SSD Storage - Intel Iris Xe Graphics - 15.6″ FHD Display - Black,"Rs. 63,999","Rs. 79,000",No Ratings,Black
449,https://www.daraz.com.np/products/lenovo-ideapad-slim-3i-2023-15-i3-13th-gen-8gb-ram-256gb-156-fhd-display-i128167117.html,"Lenovo IdeaPad Slim 3i 2023 15 i3 13Th Gen / 8GB RAM / 256GB / 15.6"" FHD display","Rs. 51,998","Rs. 65,000",No Ratings,Silver
452,https://www.daraz.com.np/products/asus-vivobook-15-x1504va-core-i5-1335u-13th-gen-8-gb-ram-512-gb-ssd156-fhd-backlit-keyboard-fp-reader-win-11-2-years-warranty-i144257249.html,"Asus Vivobook 15 X1504VA Core i5- 1335U 13th Gen / 8 GB RAM/ 512 GB SSD/15.6"" FHD / Backlit Keyboard/ FP Reader/ Win 11/ 2 Years Warranty","Rs. 90,990","Rs. 99,990",No Ratings,Silver
453,https://www.daraz.com.np/products/chuwi-corebook-x-14-windows-10-home8gb-lpddr4512gb-ssd2k-resolution-ips-display-metal-thin-body-light-and-portable-free-gift-i106045173.html,"CHUWI CoreBook X 14"" Windows 10 Home丨8GB LPDDR4丨512GB SSD丨2K Resolution IPS Display, Metal Thin Body, Light And Portable + Free Gift","Rs. 61,999","Rs. 81,400",No Ratings,Dark Grey
455,https://www.daraz.com.np/products/acer-nitro-v-15-intel-core-i7-13th-gen-13620h-8gb-ddr5-ram-512gb-nvme-ssd-nvidia-rtx-4050-6gb-graphics-156-fhd-144hz-display-backlit-keyboard-i128898017.html,"Acer Nitro V 15 Intel Core i7 13th Gen 13620H - 8GB DDR5 RAM - 512GB NVMe SSD - NVIDIA RTX 4050 6GB Graphics - 15.6"" FHD 144Hz Display - Backlit Keyboard","Rs. 156,999","Rs. 170,000",No Ratings,Black
456,https://www.daraz.com.np/products/acer-predator-helios-neo-16-intel-core-i7-14700hx-14th-generation-rtx-4060-8gb-graphics-16gb-ddr5-ram-1tb-nvme-gen-4-ssd-16-wqxga-2560-x-1600-165hz-display-i146184100.html,Acer Predator Helios Neo 16 Intel Core™ i7-14700HX 14th Generation – RTX 4060 8GB Graphics – 16GB DDR5 RAM – 1TB NVMe Gen 4 SSD – 16″ WQXGA ( 2560 x 1600 ) 165Hz Display,"Rs. 204,999","Rs. 240,000",No Ratings,Dark Grey
460,https://www.daraz.com.np/products/msi-thin-15-b12uc-gaming-laptop-12th-gen-core-i5-8gb-ram-512gb-gen4-ssd-156-fhd-144hz-nvidia-rtx-3050-4gb-wi-fi-6-186kg-i129972143.html,"MSI Thin 15 B12UC Gaming Laptop (12th Gen Core i5 | 8GB RAM | 512GB Gen4 SSD | 15.6"" FHD 144Hz | NVIDIA RTX 3050 4GB | Wi-Fi 6 | 1.86KG)","Rs. 114,900","Rs. 117,000",No Ratings,Grey
462,https://www.daraz.com.np/products/dell-latitude-14-5420-i5-1135g7-8gb-ram-256gb-ssd-14-full-hd-display-i130111477.html,"Dell Latitude 14 5420 - i5 1135G7 | 8GB RAM | 256GB SSD | 14"" Full-HD Display |","Rs. 69,999","Rs. 95,000",No Ratings,Silver
463,https://www.daraz.com.np/products/hp-notebook13-gen-intel-core-i3-n305-8-gb-ddr4-256-gb-ssd-14-hd-1366-x-768-win-10-pro-moonlight-blue-i153560897.html,"HP NoteBook,13 Gen Intel Core i3-N305 | 8 GB DDR4 | 256 GB SSD | 14"" HD (1366 x 768)| Win 10 Pro | Moonlight Blue","Rs. 52,499","Rs. 59,999",No Ratings,Lake Blue
466,https://www.daraz.com.np/products/business-series-dell-latitude-3440-12th-gen-i5-processor-8gb-512gb-ssd-backlit-3yrs-warranty-i131730660.html,Business Series- Dell Latitude 3440 | 12th Gen i5 Processor | 8GB | 512GB SSD | Backlit | 3yrs warranty,"Rs. 78,999","Rs. 98,000",No Ratings,Black
469,https://www.daraz.com.np/products/asus-vivobook-14-amd-ryzen-3-7320u-8gb-ddr5-ram-256gb-nvme-ssd-amd-radeon-integrated-graphics-14-fhd-display-numeric-touchpad-windows-11-home-i149994394.html,Asus Vivobook 14 AMD Ryzen 3 7320U – 8GB DDR5 RAM – 256GB NVMe SSD – AMD Radeon Integrated Graphics – 14″ FHD Display – Numeric Touchpad – Windows 11 Home,"Rs. 54,999","Rs. 68,000",No Ratings,Dark blue
477,https://www.daraz.com.np/products/acer-predator-helios-300-neo-16-i7-13th-gen-rtx-4050-16gb-ram-1tb-ssd-165hz-i128489176.html,Acer Predator Helios 300 Neo 16 i7 13th Gen RTX 4050 16GB RAM 1TB SSD 165Hz,"Rs. 190,000","Rs. 220,000",No Ratings,Black
478,https://www.daraz.com.np/products/asus-vivobook-15-2024-f1504v-intel-core-5-120u-14th-gen-16gb-ddr4-ram-512gb-nvme-ssd-156-fhd-display-backlit-keyboard-fingerprint-reader-windows-11-home-i153548385.html,Asus VivoBook 15 2024 F1504V Intel Core 5 120U 14th Gen – 16GB DDR4 RAM – 512GB NVMe SSD – 15.6″ FHD Display – Backlit Keyboard – FingerPrint Reader – Windows 11 Home,"Rs. 89,999","Rs. 98,000",No Ratings,Silver
480,https://www.daraz.com.np/products/lenovo-ip-1-ryzen-5-7520u-8gb-ram512gb-ssd-156-display-i128112365.html,Lenovo IP 1 Ryzen 5 7520U 8GB RAM/512GB SSD/ 15.6 Display,"Rs. 61,997","Rs. 70,000",No Ratings,Silver
481,https://www.daraz.com.np/products/hp-victus-15-ryzen-7-5800h-16-gb-ram-512-gb-ssd-rtx-3050ti-156-fhd-144hz-i128949077.html,"HP Victus 15 Ryzen 7 5800H 16 GB RAM 512 GB SSD RTX 3050Ti 15.6"" FHD 144Hz","Rs. 123,390","Rs. 132,000",No Ratings,Grey
484,https://www.daraz.com.np/products/asus-vivibook-go-e1404-ryzen-5-7520u-8-gb-ddr5-ram-512-gb-ssd14-fhd-backlit-keyboard-fp-reader-win-11-2-years-warranty-i139247718.html,"Asus Vivibook Go E1404 Ryzen 5 - 7520U / 8 GB DDR5 RAM/ 512 GB SSD/14"" FHD / Backlit Keyboard/ FP Reader/ Win 11/ 2 Years Warranty","Rs. 77,990","Rs. 88,990",No Ratings,Silver
485,https://www.daraz.com.np/products/dell-vostro-3520-12th-gen-intel-core-i3-1215u-processor-8gb-ddr4-ram-256gb-nvme-ssd-intel-uhd-graphics-156-inch-fhd-1920-x-1080-display-i150362484.html,Dell Vostro 3520 (12th Gen Intel Core i3 1215U Processor | 8GB DDR4 RAM | 256GB NVMe SSD | Intel UHD Graphics | 15.6-inch FHD (1920 x 1080) Display ,"Rs. 48,999","Rs. 59,999",No Ratings,Black
487,https://www.daraz.com.np/products/lenovo-ideapad-1-14amn7-ryzen-5-7520u-8gb-ram-256gb-ssd-14-fhd-display-i133125022.html,"Lenovo IdeaPad 1 14AMN7 | Ryzen 5-7520U | 8GB RAM | 256GB SSD | 14"" FHD Display |","Rs. 58,999","Rs. 64,999",No Ratings,Silver
492,https://www.daraz.com.np/products/asus-rog-laptop-zephyrus-intel-core-i7-13th-gen-13620h-processor-16-gb-ram-512-ssd-gb-nvidia-rtx-4060-8gb-16-fhd-display-rgb-backlit-keyboard-win11-1-year-warranty-i135673571.html,"Asus ROG Laptop ZEPHYRUS [(Intel core-i7 13th GEN) 13620H Processor / 16 GB RAM / 512 SSD GB / NVIDIA RTX 4060 (8GB) / 16"" FHD Display / RGB BACKLIT Keyboard/ Win11 / 1 Year warranty","Rs. 197,999","Rs. 255,000",No Ratings,Black
494,https://www.daraz.com.np/products/lenovo-thinkbook-13s-core-i7-1165g7-11th-gen-8-gb-lpddr4-ram-256-gb-ssd133-ips-backlit-keyboard-win-11-pro-i132748697.html,"Lenovo Thinkbook 13s Core i7 - 1165G7 11th Gen / 8 GB LPDDR4 RAM/ 256 GB SSD/13.3"" IPS/ Backlit Keyboard/ Win 11 Pro","Rs. 98,990","Rs. 115,990",No Ratings,Mineral Gray
500,https://www.daraz.com.np/products/lenovo-legion-pro-5i-i7-13th-gen-16gb-512gb-16-wqxga-165hz-rtx-4060-8gb-i128492782.html,Lenovo Legion Pro 5i i7 13th Gen 16GB 512GB 16″ WQXGA 165Hz RTX 4060 8GB,"Rs. 215,500","Rs. 226,000",No Ratings,Black
504,https://www.daraz.com.np/products/acer-extensa-15-215-i5-11th-gen-8gb-256ssd-156fhd-i116160433.html,Acer Extensa 15 215 - i5 11th Gen 8GB 256SSD 15.6FHD,"Rs. 68,998","Rs. 70,000",No Ratings,Black
512,https://www.daraz.com.np/products/dell-vostro-14-3430-13th-gen-i5-1335u-8gb-512-ssd-1yrs-warranty-i129113645.html,"DELL VOSTRO 14""-3430 | 13th gen I5-1335U |8GB | 512 SSD | 1yrs warranty","Rs. 85,000","Rs. 91,000",No Ratings,Light Grey
515,https://www.daraz.com.np/products/dell-inspiron-15-3530-i5-13th-gen-1335u-8gb-512ssd-intel-uhd-fhd-i130182711.html,Dell Inspiron 15 3530 i5 13th Gen - 1335U | 8GB | 512SSD | Intel UHD | FHD,"Rs. 87,500","Rs. 96,000",No Ratings,Black
516,https://www.daraz.com.np/products/acer-aspire-lite-14-intel-core-i3-n300-13th-generation-8gb-ddr5-ram-512gb-nvme-gen-4-ssd-intel-integrated-graphics-14-wuxga-display-silver-i149598060.html,Acer Aspire Lite 14 Intel Core i3 N300 13th Generation – 8GB DDR5 RAM – 512GB NVMe Gen 4 SSD – Intel Integrated Graphics – 14″ WUXGA Display – Silver,"Rs. 55,555","Rs. 62,000",No Ratings,Silver
521,https://www.daraz.com.np/products/acer-nitro-v-15-core-i5-13320h-13th-gen-8gb-ddr5-ram-512gb-ssd-156-fhd-144hz-ips-display-nvidia-rtx-3050-6gb-gfx-backlit-keyboardwin-11-i129698778.html,"Acer Nitro V 15 Core i5 13320H 13th Gen/ 8GB DDR5 RAM/ 512GB SSD /15.6 "" FHD 144HZ IPS Display/ NVidia RTX 3050 6GB GFX/ Backlit Keyboard//Win 11","Rs. 111,990","Rs. 135,990",No Ratings,Black
526,https://www.daraz.com.np/products/dell-latitude-3440-i5-1235u-8gb-ram-512gb-ssd-i147108240.html,Dell Latitude 3440 – i5 -1235U | 8GB RAM | 512GB SSD,"Rs. 78,199","Rs. 99,999",No Ratings,Black
529,https://www.daraz.com.np/products/asus-x515-i5-11th-gen-8gb-ram-512gb-ssd-2gb-nvidia-mx350-graphic-laptop-i128171604.html,Asus X515 i5 11th Gen 8GB RAM 512GB ssd 2GB Nvidia MX350 Graphic Laptop,"Rs. 75,990","Rs. 88,000",No Ratings,Silver
530,https://www.daraz.com.np/products/asus-vivobook-16-f1605va-intel-core-i5-13th-gen-13500h-8gb-ram-ddr4-512gb-ssd-16-wuxga-ips-windows-11-home-laptop-i146357459.html,ASUS VivoBook 16 F1605VA Intel Core i5 13th Gen 13500H 8GB RAM DDR4 512GB SSD 16″ WUXGA IPS Windows 11 Home Laptop,"Rs. 89,990","Rs. 110,000",No Ratings,Black
